<?xml version="1.0" encoding="utf-8"?>
<Elements xmlns="http://schemas.microsoft.com/sharepoint/">
  <Module Name="RootModule">
    <File Path="package.json" Url="package.json" ReplaceContent="TRUE" />
    <File Path="config\helpers.js" Url="config/helpers.js" ReplaceContent="TRUE" />
    <File Path="config\webpack.common.js" Url="config/webpack.common.js" ReplaceContent="TRUE" />
    <File Path="config\webpack.dev.js" Url="config/webpack.dev.js" ReplaceContent="TRUE" />
    <File Path="src\index.html" Url="src/index.html" ReplaceContent="TRUE" />
    <File Path="src\main.ts" Url="src/main.ts" ReplaceContent="TRUE" />
    <File Path="src\polyfills.ts" Url="src/polyfills.ts" ReplaceContent="TRUE" />
    <File Path="src\tsconfig.json" Url="src/tsconfig.json" ReplaceContent="TRUE" />
    <File Path="src\vendor.ts" Url="src/vendor.ts" ReplaceContent="TRUE" />
    <File Path="src\app\app.component.css" Url="src/app/app.component.css" ReplaceContent="TRUE" />
    <File Path="src\app\app.component.html" Url="src/app/app.component.html" ReplaceContent="TRUE" />
    <File Path="src\app\app.component.ts" Url="src/app/app.component.ts" ReplaceContent="TRUE" />
    <File Path="src\app\app.module.ts" Url="src/app/app.module.ts" ReplaceContent="TRUE" />
    <File Path="webpack.config.js" Url="webpack.config.js" ReplaceContent="TRUE" />
    <File Path="src\assets\css\styles.css" Url="src/assets/css/styles.css" ReplaceContent="TRUE" />
    <File Path="src\assets\images\angular.png" Url="src/assets/images/angular.png" ReplaceContent="TRUE" />
    <File Path="Scripts\jquery-1.9.1.min.map" Url="Scripts/jquery-1.9.1.min.map" ReplaceContent="TRUE" />
    <File Path="Scripts\jquery-1.9.1.min.js" Url="Scripts/jquery-1.9.1.min.js" ReplaceContent="TRUE" />
    <File Path="Scripts\jquery-1.9.1.js" Url="Scripts/jquery-1.9.1.js" ReplaceContent="TRUE" />
    <File Path="Scripts\jquery-1.9.1.intellisense.js" Url="Scripts/jquery-1.9.1.intellisense.js" ReplaceContent="TRUE" />
  </Module>
</Elements>
