﻿<?xml version="1.0" encoding="utf-8"?>
<!--Published:70EDFC97-B41D-43C5-B751-7C00AD999804-->
<!--Created:cb85b80c-f585-40ff-8bfc-12ff4d0e34a9-->
<App xmlns="http://schemas.microsoft.com/sharepoint/2012/app/manifest" Name="SharePointAddInAngular" ProductID="{38740637-7e19-48fa-8cfa-b47d3b5ddef2}" Version="1.0.0.1" SharePointMinVersion="15.0.0.0">
  <Properties>
    <Title>SharePointAddInAngular</Title>
    <StartPage>~appWebUrl/app/index.html?{StandardTokens}</StartPage>
  </Properties>
  <AppPrincipal>
    <Internal />
  </AppPrincipal>
</App>