﻿<?xml version="1.0" encoding="utf-8"?>
<Feature xmlns="http://schemas.microsoft.com/sharepoint/" Description="SharePoint Add-in Feature" Id="e6c717c4-af24-4425-8922-4ec71562f368" Scope="Web" Title="SharePointAddInAngular Feature1" Version="1.0.0.1">
  <ElementManifests>
    <ElementManifest Location="app\Elements.xml" />
    <ElementFile Location="app\vendor.js.map" />
    <ElementFile Location="app\assets\angular.9db278d630f5fabd8e7ba16c2e329a3a.png" />
    <ElementFile Location="app\app.css" />
    <ElementFile Location="app\app.css.map" />
    <ElementFile Location="app\app.js" />
    <ElementFile Location="app\app.js.map" />
    <ElementFile Location="app\index.html" />
    <ElementFile Location="app\polyfills.js" />
    <ElementFile Location="app\polyfills.js.map" />
    <ElementFile Location="app\vendor.js" />
    <ElementFile Location="app\jquery-1.9.1.min.js" />
    <ElementManifest Location="Pages\Elements.xml" />
    <ElementFile Location="Pages\Sample.txt" />
    <ElementFile Location="Pages\NGWP.aspx" />
  </ElementManifests>
  <UpgradeActions>
    <VersionRange>
      <ApplyElementManifests>
        <ElementManifest Location="app\Elements.xml" />
        <ElementManifest Location="Pages\Elements.xml" />
      </ApplyElementManifests>
    </VersionRange>
  </UpgradeActions>
</Feature>