﻿<?xml version="1.0" encoding="utf-8"?>
<Elements xmlns="http://schemas.microsoft.com/sharepoint/">
  <Module Name="app">
    <File Path="app\vendor.js.map" Url="app/vendor.js.map" ReplaceContent="TRUE" />
    <File Path="app\assets\angular.9db278d630f5fabd8e7ba16c2e329a3a.png" Url="app/assets/angular.9db278d630f5fabd8e7ba16c2e329a3a.png" ReplaceContent="TRUE" />
    <File Path="app\app.css" Url="app/app.css" ReplaceContent="TRUE" />
    <File Path="app\app.css.map" Url="app/app.css.map" ReplaceContent="TRUE" />
    <File Path="app\app.js" Url="app/app.js" ReplaceContent="TRUE" />
    <File Path="app\app.js.map" Url="app/app.js.map" ReplaceContent="TRUE" />
    <File Path="app\index.html" Url="app/index.html" ReplaceContent="TRUE" />
    <File Path="app\polyfills.js" Url="app/polyfills.js" ReplaceContent="TRUE" />
    <File Path="app\polyfills.js.map" Url="app/polyfills.js.map" ReplaceContent="TRUE" />
    <File Path="app\vendor.js" Url="app/vendor.js" ReplaceContent="TRUE" />
  </Module>
</Elements>